id,first_name,last_name,email,gender,ip_address
1,Gardy,Gadault,ggadault0@mapy.cz,Male,85.42.164.35
2,Wernher,Vampouille,wvampouille1@washington.edu,Male,172.216.135.67
3,Genevieve,Stickells,gstickells2@indiegogo.com,Female,77.130.88.189
4,Alvinia,Racine,aracine3@mashable.com,Female,145.60.64.228
5,Hamel,Klaassens,hklaassens4@bravesites.com,Male,165.232.67.174
6,Margalit,Bende,mbende5@aol.com,Female,57.47.175.70
7,Stefan,Chaulk,schaulk6@123-reg.co.uk,Male,63.246.73.155
8,Karoly,Simonel,ksimonel7@wikispaces.com,Male,76.123.64.212
9,Gerik,Garnul,ggarnul8@prweb.com,Male,194.63.17.35
10,Jerri,Pharaoh,jpharaoh9@google.it,Male,52.174.218.138
11,Francesca,Bradane,fbradanea@omniture.com,Female,4.106.78.30
12,Northrup,Minor,nminorb@networksolutions.com,Male,25.244.114.14
13,Ricoriki,McColm,rmccolmc@over-blog.com,Male,107.80.5.73
14,Ulrikaumeko,Orrocks,uorrocksd@netvibes.com,Female,234.182.48.165
15,Kristel,Baish,kbaishe@mysql.com,Female,234.28.116.217
16,Sharron,O'Siaghail,sosiaghailf@thetimes.co.uk,Female,232.246.192.194
17,Jasper,Dundridge,jdundridgeg@nps.gov,Male,30.107.150.123
18,Sanson,Corde,scordeh@webeden.co.uk,Male,67.41.81.146
19,Karla,O'Cosgra,kocosgrai@ucsd.edu,Female,239.193.195.214
20,Sarajane,Mougin,smouginj@jimdo.com,Female,76.5.91.148
21,Melany,Povele,mpovelek@yale.edu,Female,140.86.212.117
22,Michelina,Rodrig,mrodrigl@columbia.edu,Female,197.46.127.37
23,Sammie,Dolohunty,sdolohuntym@oracle.com,Male,204.241.174.174
24,Humberto,Dightham,hdighthamn@zdnet.com,Male,174.162.211.51
25,Wilmar,Gwyn,wgwyno@google.com.hk,Male,64.200.126.77
26,Corrianne,Favela,cfavelap@trellian.com,Female,185.134.221.27
27,Nahum,Myner,nmynerq@ft.com,Male,206.36.167.49
28,Aida,McCluskey,amccluskeyr@who.int,Female,7.142.159.134
29,Kippy,Parkin,kparkins@bing.com,Male,120.90.38.81
30,Clarette,Dwine,cdwinet@va.gov,Female,167.121.100.8
31,Allen,Climer,aclimeru@wunderground.com,Male,146.175.175.194
32,Roda,Abramcik,rabramcikv@smh.com.au,Female,36.171.95.153
33,Baird,Dockwra,bdockwraw@unicef.org,Male,99.170.103.77
34,Dare,O'Crevan,docrevanx@gravatar.com,Male,43.188.218.189
35,Madelaine,Jahan,mjahany@ucsd.edu,Female,168.69.163.212
36,Shannan,Scroggins,sscrogginsz@thetimes.co.uk,Male,116.252.17.255
37,Garik,Farrin,gfarrin10@is.gd,Male,78.209.200.119
38,Koo,Phare,kphare11@businesswire.com,Female,198.121.168.88
39,Trudey,Mallan,tmallan12@ameblo.jp,Female,208.198.6.164
40,Nelie,Ambrogiotti,nambrogiotti13@toplist.cz,Female,239.227.68.61
41,Terrye,Erdely,terdely14@epa.gov,Female,40.30.105.87
42,Brittan,Bomb,bbomb15@accuweather.com,Female,197.90.153.57
43,Ericha,McGavigan,emcgavigan16@google.com.au,Female,85.207.149.12
44,Gregg,Ivantyev,givantyev17@twitpic.com,Male,13.125.155.213
45,Alanson,Lamburn,alamburn18@kickstarter.com,Male,175.59.159.99
46,Raffaello,Gruszczak,rgruszczak19@mozilla.com,Male,96.147.70.189
47,Muffin,Byram,mbyram1a@imgur.com,Male,124.22.219.202
48,Dominik,McTeer,dmcteer1b@yahoo.com,Male,195.188.47.76
49,Ginger,Kunzel,gkunzel1c@webnode.com,Female,202.243.190.115
50,Abe,Gremane,agremane1d@jiathis.com,Male,154.59.8.237
51,Thomasina,Cristoforo,tcristoforo1e@timesonline.co.uk,Female,31.136.231.25
52,Ardelis,Cousans,acousans1f@home.pl,Female,44.58.33.217
53,Crichton,Durante,cdurante1g@flavors.me,Male,140.199.225.146
54,Rayner,Velareal,rvelareal1h@fema.gov,Male,80.195.248.82
55,Yuma,Corby,ycorby1i@ox.ac.uk,Male,93.72.167.4
56,Yelena,Willans,ywillans1j@yolasite.com,Female,111.195.12.190
57,Jabez,Durdle,jdurdle1k@rakuten.co.jp,Male,70.20.19.155
58,Luca,Rebillard,lrebillard1l@digg.com,Male,170.73.179.139
59,Florrie,McGillicuddy,fmcgillicuddy1m@stanford.edu,Female,222.139.251.102
60,Rosaline,Garey,rgarey1n@patch.com,Female,103.51.99.187
61,Lizbeth,Crowhurst,lcrowhurst1o@blogger.com,Female,39.19.3.188
62,Elly,Slimings,eslimings1p@51.la,Female,78.11.222.230
63,Dulce,Ruslinge,druslinge1q@woothemes.com,Female,118.8.194.3
64,Zorine,Grahl,zgrahl1r@amazon.co.uk,Female,224.216.52.161
65,Modesty,Poundsford,mpoundsford1s@auda.org.au,Female,39.220.159.109
66,Jack,Kinsey,jkinsey1t@chicagotribune.com,Male,163.45.27.97
67,Hadleigh,Lakeman,hlakeman1u@usatoday.com,Male,247.159.69.219
68,Devina,Lowless,dlowless1v@whitehouse.gov,Female,128.29.207.157
69,Doris,Dibson,ddibson1w@barnesandnoble.com,Female,133.85.32.232
70,Olia,Searby,osearby1x@shinystat.com,Female,60.226.136.173
71,Boyce,Dukelow,bdukelow1y@barnesandnoble.com,Male,184.45.48.154
72,Caleb,Kretschmer,ckretschmer1z@paginegialle.it,Male,208.195.165.244
73,Boone,Axelbey,baxelbey20@smugmug.com,Male,161.72.147.6
74,Thurstan,Dorney,tdorney21@hp.com,Male,185.27.15.88
75,Cherey,Pottie,cpottie22@dell.com,Female,145.133.189.231
76,Roi,Leggon,rleggon23@bloglovin.com,Male,250.107.236.238
77,Vachel,Symms,vsymms24@bigcartel.com,Male,182.216.152.111
78,Annaliese,Tynewell,atynewell25@discovery.com,Female,105.216.16.243
79,Genevieve,Cheng,gcheng26@chicagotribune.com,Female,96.107.98.92
80,Rois,Blundan,rblundan27@hud.gov,Female,162.73.182.114
81,Stephanie,Ginnaly,sginnaly28@amazonaws.com,Female,178.250.61.194
82,Cathyleen,Huonic,chuonic29@sfgate.com,Female,159.63.234.209
83,Robinson,Cresar,rcresar2a@loc.gov,Male,99.53.31.53
84,Moise,Laurant,mlaurant2b@addthis.com,Male,82.239.147.209
85,Von,Nutley,vnutley2c@so-net.ne.jp,Male,60.157.196.32
86,Shay,Josskowitz,sjosskowitz2d@over-blog.com,Female,73.168.35.198
87,Mozelle,Sellar,msellar2e@blogspot.com,Female,27.9.192.3
88,Ginevra,Maddrah,gmaddrah2f@sina.com.cn,Female,93.50.85.178
89,Abram,Broomer,abroomer2g@blogspot.com,Male,94.4.36.68
90,Ofelia,Shieldon,oshieldon2h@npr.org,Female,175.242.64.232
91,Cullan,Simoneton,csimoneton2i@mozilla.org,Male,183.98.29.237
92,Orv,Kuhnert,okuhnert2j@lycos.com,Male,255.235.110.133
93,Ansel,Blackston,ablackston2k@discuz.net,Male,143.21.240.84
94,Mira,Sleeford,msleeford2l@usda.gov,Female,55.141.155.210
95,Nanon,Morrow,nmorrow2m@google.com.br,Female,106.21.81.25
96,Teodor,Bury,tbury2n@naver.com,Male,140.35.249.216
97,Verina,Callicott,vcallicott2o@yelp.com,Female,89.100.197.201
98,Reinwald,Salling,rsalling2p@shutterfly.com,Male,2.222.88.157
99,Fenelia,Brampton,fbrampton2q@bluehost.com,Female,229.67.18.165
100,Trixie,Groundwater,tgroundwater2r@canalblog.com,Female,199.188.205.140
101,Lisabeth,Pashen,lpashen2s@cnbc.com,Female,51.219.253.108
102,Pris,Melesk,pmelesk2t@wisc.edu,Female,132.20.239.89
103,Ives,Dunlap,idunlap2u@posterous.com,Male,45.20.46.235
104,Hyacinthie,Halligan,hhalligan2v@reverbnation.com,Female,67.84.163.217
105,Ambros,Spaice,aspaice2w@blogger.com,Male,229.196.3.235
106,Elsworth,Hitzmann,ehitzmann2x@jalbum.net,Male,13.31.24.195
107,Linette,Parfitt,lparfitt2y@webeden.co.uk,Female,45.104.69.115
108,Alric,Gawthorpe,agawthorpe2z@nymag.com,Male,56.209.137.52
109,Suellen,Gobeaux,sgobeaux30@altervista.org,Female,95.98.130.62
110,Kleon,Playden,kplayden31@howstuffworks.com,Male,242.160.30.120
111,Maressa,Wille,mwille32@dell.com,Female,179.222.227.252
112,Edeline,Abramzon,eabramzon33@netlog.com,Female,168.102.239.114
113,Ewen,Franks,efranks34@unblog.fr,Male,135.15.191.141
114,Marcille,Skarman,mskarman35@nbcnews.com,Female,180.52.13.88
115,Mala,Earney,mearney36@bandcamp.com,Female,251.92.113.206
116,Cassie,Dempster,cdempster37@springer.com,Male,184.8.168.73
117,Mick,MacBain,mmacbain38@army.mil,Male,143.71.213.221
118,Sean,Vint,svint39@shinystat.com,Male,67.172.117.72
119,Chico,Dahlman,cdahlman3a@mysql.com,Male,34.234.99.117
120,Owen,De Bruin,odebruin3b@hp.com,Male,19.25.11.163
121,Jessie,Lipyeat,jlipyeat3c@blinklist.com,Female,243.44.188.101
122,Fallon,Labadini,flabadini3d@ed.gov,Female,34.170.164.109
123,Marna,Lillico,mlillico3e@bizjournals.com,Female,235.222.184.134
124,Noami,McCullogh,nmccullogh3f@cisco.com,Female,83.148.67.148
125,Ignatius,Matushenko,imatushenko3g@un.org,Male,111.120.44.83
126,Brigid,Godfroy,bgodfroy3h@telegraph.co.uk,Female,235.42.160.130
127,Barth,Brito,bbrito3i@shareasale.com,Male,158.198.221.205
128,Andrea,Whitford,awhitford3j@devhub.com,Male,175.103.116.218
129,Hyman,Padefield,hpadefield3k@quantcast.com,Male,47.104.155.107
130,Jedediah,O'Kinedy,jokinedy3l@economist.com,Male,213.57.127.24
131,Leonidas,Every,levery3m@studiopress.com,Male,253.0.17.166
132,Saul,Staite,sstaite3n@biglobe.ne.jp,Male,23.122.186.110
133,Ciro,Christon,cchriston3o@scribd.com,Male,126.233.136.103
134,Rory,Hutson,rhutson3p@freewebs.com,Female,236.122.79.175
135,Tiffy,McCrystal,tmccrystal3q@github.io,Female,87.164.132.129
136,Laurena,Clutten,lclutten3r@zimbio.com,Female,124.78.125.66
137,Granthem,Staite,gstaite3s@desdev.cn,Male,35.209.93.53
138,Ysabel,Braddick,ybraddick3t@rakuten.co.jp,Female,196.91.220.221
139,Meredith,Holme,mholme3u@redcross.org,Female,175.175.119.19
140,Nero,Kerins,nkerins3v@accuweather.com,Male,253.182.33.238
141,Samuel,Wickwarth,swickwarth3w@nyu.edu,Male,179.105.5.178
142,Barth,Snewin,bsnewin3x@cargocollective.com,Male,75.120.136.182
143,Danya,Bereford,dbereford3y@indiegogo.com,Female,53.198.8.180
144,Audy,Takis,atakis3z@jigsy.com,Female,137.165.164.157
145,Torrey,Daulby,tdaulby40@stumbleupon.com,Male,118.127.48.221
146,Tadeas,Kira,tkira41@wikimedia.org,Male,103.247.57.176
147,Ab,Stollsteiner,astollsteiner42@fema.gov,Male,113.217.201.106
148,Jackie,Bullin,jbullin43@de.vu,Male,252.214.13.60
149,Pattie,Spellessy,pspellessy44@census.gov,Male,246.113.245.90
150,Aryn,Ness,aness45@spiegel.de,Female,249.214.187.147
151,Roman,Dalligan,rdalligan46@so-net.ne.jp,Male,167.225.99.132
152,Annemarie,Bohey,abohey47@oaic.gov.au,Female,59.93.247.106
153,Keene,Candish,kcandish48@hibu.com,Male,209.218.31.33
154,Caren,Witsey,cwitsey49@globo.com,Female,67.225.161.250
155,Arlie,Pepler,apepler4a@mac.com,Female,110.238.181.168
156,Perry,Yacobsohn,pyacobsohn4b@webnode.com,Male,89.180.235.250
157,Isabelle,McElhargy,imcelhargy4c@accuweather.com,Female,104.206.179.132
158,Oona,Picot,opicot4d@seesaa.net,Female,196.106.226.180
159,Olimpia,Wilsdon,owilsdon4e@accuweather.com,Female,162.145.18.193
160,Olivero,Verey,overey4f@goo.ne.jp,Male,122.66.218.15
161,Zackariah,Floyde,zfloyde4g@dailymotion.com,Male,58.200.71.207
162,Jerrylee,Fraczak,jfraczak4h@seesaa.net,Female,216.39.118.109
163,Dori,Dinan,ddinan4i@answers.com,Female,70.242.200.157
164,Yardley,Newart,ynewart4j@surveymonkey.com,Male,31.111.228.147
165,Betsy,Friatt,bfriatt4k@businessinsider.com,Female,29.251.155.35
166,Babb,Saul,bsaul4l@blogspot.com,Female,197.170.29.238
167,Arvie,Vahey,avahey4m@xinhuanet.com,Male,56.52.132.161
168,Englebert,Munehay,emunehay4n@blogspot.com,Male,152.34.200.147
169,Andy,Lockie,alockie4o@tumblr.com,Male,129.169.47.160
170,Ward,Swancott,wswancott4p@noaa.gov,Male,124.169.107.3
171,Jack,Guttridge,jguttridge4q@vistaprint.com,Male,169.153.156.95
172,Gavrielle,Dineges,gdineges4r@i2i.jp,Female,211.5.107.197
173,Herschel,Perutto,hperutto4s@blogger.com,Male,156.3.200.216
174,Melitta,Boerderman,mboerderman4t@pbs.org,Female,168.6.23.54
175,Gayler,Kail,gkail4u@reference.com,Male,19.58.163.141
176,Witty,Brewerton,wbrewerton4v@i2i.jp,Male,155.47.103.209
177,Saul,Claricoats,sclaricoats4w@google.co.jp,Male,134.76.226.0
178,Casey,Doumer,cdoumer4x@feedburner.com,Male,30.122.34.108
179,Boris,Hoyle,bhoyle4y@goo.ne.jp,Male,24.74.178.75
180,Walt,Trimme,wtrimme4z@huffingtonpost.com,Male,98.99.213.40
181,Callean,Stollsteimer,cstollsteimer50@skype.com,Male,223.236.93.152
182,Ricard,Barrack,rbarrack51@so-net.ne.jp,Male,163.56.119.64
183,Thacher,Beacom,tbeacom52@earthlink.net,Male,100.92.1.48
184,Kitti,Goundrill,kgoundrill53@vistaprint.com,Female,220.158.225.230
185,Otes,Gatch,ogatch54@newsvine.com,Male,162.172.65.193
186,Nathalie,Alyoshin,nalyoshin55@shareasale.com,Female,19.164.193.191
187,Thurston,Suff,tsuff56@yandex.ru,Male,148.205.243.98
188,Clio,Daenen,cdaenen57@webnode.com,Female,136.166.167.26
189,Carmina,Franzman,cfranzman58@google.co.uk,Female,104.129.188.165
190,Meade,Houtby,mhoutby59@dell.com,Female,54.123.34.141
191,Ahmed,Palombi,apalombi5a@slashdot.org,Male,120.251.83.74
192,Cherise,Gascoyne,cgascoyne5b@jalbum.net,Female,253.211.249.228
193,Julio,Hall-Gough,jhallgough5c@hao123.com,Male,181.103.231.9
194,Terra,Fiennes,tfiennes5d@accuweather.com,Female,79.68.207.79
195,Paolina,Matveichev,pmatveichev5e@123-reg.co.uk,Female,109.36.230.193
196,Lorianna,Colwill,lcolwill5f@webs.com,Female,251.84.255.199
197,Siffre,Redhead,sredhead5g@reverbnation.com,Male,121.5.251.245
198,Arny,Penk,apenk5h@yahoo.com,Male,190.143.102.249
199,Bradley,Costello,bcostello5i@nydailynews.com,Male,143.252.119.38
200,Cully,Duley,cduley5j@ucoz.com,Male,219.229.2.127
201,Annadiana,Ludlamme,aludlamme5k@baidu.com,Female,67.57.195.4
202,Haskel,Binford,hbinford5l@skype.com,Male,185.63.249.88
203,Ketty,Tanton,ktanton5m@vinaora.com,Female,52.120.105.96
204,Rosette,Valerio,rvalerio5n@seesaa.net,Female,254.23.177.99
205,Nathanil,Reary,nreary5o@clickbank.net,Male,196.32.123.103
206,Edin,Gregolotti,egregolotti5p@elegantthemes.com,Female,35.120.170.164
207,Angela,Louth,alouth5q@dell.com,Female,253.215.84.79
208,Monah,Brosch,mbrosch5r@ucoz.com,Female,148.81.84.239
209,Everard,Inker,einker5s@adobe.com,Male,60.84.86.162
210,Parke,Mewton,pmewton5t@amazon.co.jp,Male,152.228.201.189
211,Justina,Docksey,jdocksey5u@altervista.org,Female,166.146.86.0
212,Harrietta,Piddocke,hpiddocke5v@google.es,Female,17.170.55.15
213,Benedikta,Astles,bastles5w@myspace.com,Female,101.205.248.196
214,Jeffry,Orrin,jorrin5x@youku.com,Male,146.153.74.220
215,Phillipe,Wake,pwake5y@fotki.com,Male,161.83.231.109
216,Hildagard,Elwood,helwood5z@lycos.com,Female,5.200.66.252
217,Creigh,Petrishchev,cpetrishchev60@abc.net.au,Male,90.44.187.21
218,Melisa,Hancill,mhancill61@berkeley.edu,Female,236.97.167.31
219,Fabiano,Antoszczyk,fantoszczyk62@example.com,Male,54.83.242.123
220,Tyler,Tyrer,ttyrer63@cnn.com,Male,33.196.30.100
221,Jayson,Spellacey,jspellacey64@de.vu,Male,30.185.193.244
222,Padgett,Phippen,pphippen65@bbc.co.uk,Male,205.71.231.128
223,Delmor,Couzens,dcouzens66@icio.us,Male,244.126.159.182
224,Donn,Carus,dcarus67@ted.com,Male,240.117.194.122
225,Pansy,De Freyne,pdefreyne68@washingtonpost.com,Female,150.21.6.161
226,Devy,Cayette,dcayette69@networkadvertising.org,Male,194.154.91.81
227,Merla,Ofer,mofer6a@indiegogo.com,Female,123.81.5.95
228,Artie,Gyorgy,agyorgy6b@typepad.com,Male,55.193.150.178
229,Sheelagh,Askwith,saskwith6c@home.pl,Female,219.108.224.132
230,Madelene,Tufts,mtufts6d@shinystat.com,Female,109.87.228.85
231,Cord,Segrott,csegrott6e@histats.com,Male,218.176.219.164
232,Cherri,Reece,creece6f@tumblr.com,Female,34.176.81.64
233,Roman,Chismon,rchismon6g@omniture.com,Male,50.129.62.109
234,Ulrika,Cuckoo,ucuckoo6h@taobao.com,Female,224.69.54.148
235,Ardyce,Leggett,aleggett6i@cnn.com,Female,59.140.137.2
236,Lazar,Fishbourne,lfishbourne6j@tripadvisor.com,Male,193.117.79.100
237,Freeland,Wiltshier,fwiltshier6k@biglobe.ne.jp,Male,159.94.105.10
238,Clayborn,Dewire,cdewire6l@answers.com,Male,84.155.169.111
239,Margery,Norssister,mnorssister6m@last.fm,Female,47.67.207.166
240,Ambrosius,Nattriss,anattriss6n@tamu.edu,Male,117.177.52.170
241,Josefa,Hickisson,jhickisson6o@shareasale.com,Female,41.222.138.48
242,Lion,Izaac,lizaac6p@networksolutions.com,Male,88.251.180.162
243,Ardyce,Nineham,anineham6q@edublogs.org,Female,119.74.186.136
244,Cosette,Wilber,cwilber6r@sogou.com,Female,68.195.139.146
245,Dex,Seath,dseath6s@elegantthemes.com,Male,167.19.204.102
246,Howie,Wickins,hwickins6t@weibo.com,Male,196.32.214.15
247,Jakie,Spurret,jspurret6u@nasa.gov,Male,222.208.5.12
248,Leigh,Carradice,lcarradice6v@google.com.hk,Male,157.53.104.167
249,Carmelita,Tow,ctow6w@e-recht24.de,Female,144.122.57.168
250,Trudi,Billany,tbillany6x@simplemachines.org,Female,246.152.82.255
251,Dagny,Dudbridge,ddudbridge6y@reuters.com,Male,148.109.122.200
252,Moises,Hopkins,mhopkins6z@github.io,Male,217.241.50.190
253,Rosanne,Gauge,rgauge70@sogou.com,Female,225.227.144.166
254,Teri,Delgado,tdelgado71@woothemes.com,Female,238.9.222.184
255,Ardys,Lamplough,alamplough72@baidu.com,Female,178.149.159.245
256,Meris,Sentance,msentance73@huffingtonpost.com,Female,247.13.38.204
257,Boothe,Grimm,bgrimm74@jalbum.net,Male,5.61.238.155
258,Beverie,Bortoletti,bbortoletti75@163.com,Female,247.156.233.217
259,Joshua,Drayson,jdrayson76@tripod.com,Male,196.11.232.63
260,Alyss,Argyle,aargyle77@pinterest.com,Female,56.239.51.169
261,Eloisa,Sartin,esartin78@hexun.com,Female,229.47.179.166
262,Kayley,Dilnot,kdilnot79@topsy.com,Female,179.243.246.21
263,Peg,Tunnicliffe,ptunnicliffe7a@cisco.com,Female,1.95.0.174
264,Kane,Winfield,kwinfield7b@gravatar.com,Male,129.226.90.187
265,Wendall,Olpin,wolpin7c@businessweek.com,Male,39.77.16.235
266,Jennilee,Hellyer,jhellyer7d@hexun.com,Female,2.177.18.72
267,Martita,Wildman,mwildman7e@nsw.gov.au,Female,243.53.218.22
268,Nappy,Antalffy,nantalffy7f@google.fr,Male,179.86.59.74
269,Giles,Balding,gbalding7g@springer.com,Male,180.125.169.184
270,Mic,Lockett,mlockett7h@usda.gov,Male,74.227.247.222
271,Mal,Giriardelli,mgiriardelli7i@bbb.org,Male,174.165.78.176
272,Cass,Alcock,calcock7j@fastcompany.com,Female,118.217.163.99
273,Harriette,Whicher,hwhicher7k@home.pl,Female,139.234.113.61
274,Dory,Topling,dtopling7l@freewebs.com,Female,46.136.11.97
275,Kleon,Tripon,ktripon7m@zdnet.com,Male,90.57.58.184
276,Stefano,Capelow,scapelow7n@amazon.com,Male,2.136.249.135
277,Vernon,Dreamer,vdreamer7o@youku.com,Male,123.157.215.189
278,Lorena,Thridgould,lthridgould7p@msu.edu,Female,40.45.141.15
279,Paule,Gisborne,pgisborne7q@angelfire.com,Female,59.89.35.55
280,Dan,Cordingley,dcordingley7r@si.edu,Male,89.231.212.40
281,Bradan,Wathan,bwathan7s@irs.gov,Male,143.23.253.102
282,Ernst,Cadogan,ecadogan7t@microsoft.com,Male,143.141.109.171
283,Lanita,McCarney,lmccarney7u@webs.com,Female,190.247.75.202
284,Vincenty,Glisenan,vglisenan7v@cam.ac.uk,Male,134.184.164.250
285,Chlo,Bremmell,cbremmell7w@photobucket.com,Female,168.188.206.129
286,Virgilio,Petre,vpetre7x@odnoklassniki.ru,Male,200.71.11.93
287,Thain,Letch,tletch7y@census.gov,Male,69.46.213.237
288,Basilius,Goding,bgoding7z@rakuten.co.jp,Male,22.138.166.186
289,Markus,Andrasch,mandrasch80@theatlantic.com,Male,25.133.210.247
290,Maryrose,Chinnery,mchinnery81@discovery.com,Female,198.60.119.222
291,Arnaldo,Seneschal,aseneschal82@netlog.com,Male,202.209.78.220
292,Lionel,Ducrow,lducrow83@hao123.com,Male,3.161.232.3
293,Alyosha,Benedick,abenedick84@drupal.org,Male,12.40.187.26
294,Ros,Lucy,rlucy85@oracle.com,Female,226.189.253.127
295,Peyton,Fassmann,pfassmann86@paypal.com,Male,128.82.67.123
296,Dulce,Paulsen,dpaulsen87@chicagotribune.com,Female,106.134.108.91
297,Cristy,Bertomier,cbertomier88@wisc.edu,Female,54.222.171.141
298,Gussi,Fedorski,gfedorski89@usgs.gov,Female,22.15.9.130
299,Nadiya,Scantlebury,nscantlebury8a@skype.com,Female,63.50.228.35
300,Lianna,Garmanson,lgarmanson8b@dagondesign.com,Female,95.51.53.225
301,Jason,Fobidge,jfobidge8c@devhub.com,Male,186.177.5.201
302,Tedra,Beeke,tbeeke8d@sfgate.com,Female,122.45.64.111
303,Keith,Renac,krenac8e@wordpress.com,Male,201.212.112.186
304,Ann,Culmer,aculmer8f@ox.ac.uk,Female,55.39.234.26
305,Elizabet,Bourke,ebourke8g@nationalgeographic.com,Female,135.240.249.227
306,Barny,Lambillion,blambillion8h@naver.com,Male,173.151.16.65
307,Dona,Primak,dprimak8i@bigcartel.com,Female,52.52.156.20
308,Wilton,Greenroa,wgreenroa8j@uol.com.br,Male,89.141.60.93
309,Marrilee,Knipe,mknipe8k@twitter.com,Female,224.209.214.144
310,Xenos,Stanbury,xstanbury8l@va.gov,Male,115.244.46.78
311,Callie,Libreros,clibreros8m@homestead.com,Female,128.176.188.171
312,Corrie,Baldacchi,cbaldacchi8n@altervista.org,Female,240.39.218.146
313,Katine,Crady,kcrady8o@domainmarket.com,Female,164.83.139.127
314,Arron,Renfrew,arenfrew8p@cloudflare.com,Male,234.107.23.241
315,My,Copin,mcopin8q@senate.gov,Male,152.9.200.1
316,Melitta,Geal,mgeal8r@meetup.com,Female,85.56.144.240
317,Roxie,O' Gara,rogara8s@opensource.org,Female,213.158.208.36
318,Cornela,Wabersich,cwabersich8t@friendfeed.com,Female,98.98.185.47
319,Griz,Oliva,goliva8u@ebay.co.uk,Male,100.97.99.230
320,Cleveland,Caudray,ccaudray8v@nydailynews.com,Male,25.4.35.241
321,Bridgette,Hauck,bhauck8w@dell.com,Female,164.3.33.171
322,Briant,Ames,bames8x@nationalgeographic.com,Male,67.89.105.27
323,Clare,De Hailes,cdehailes8y@google.ru,Male,61.89.240.206
324,Meyer,Jehu,mjehu8z@yelp.com,Male,151.90.165.197
325,Clem,Ludwikiewicz,cludwikiewicz90@hhs.gov,Male,101.171.112.89
326,Quintus,Denziloe,qdenziloe91@livejournal.com,Male,179.103.160.63
327,Sayres,Waison,swaison92@blinklist.com,Male,204.168.185.217
328,Carlee,Greep,cgreep93@theguardian.com,Female,103.191.39.171
329,Jennie,Blanch,jblanch94@oakley.com,Female,163.134.49.106
330,Pepi,Tonbridge,ptonbridge95@constantcontact.com,Female,143.190.25.220
331,Julieta,Jouaneton,jjouaneton96@addthis.com,Female,117.56.155.248
332,Kiley,Heigl,kheigl97@1688.com,Female,78.29.114.60
333,Heinrick,Schoroder,hschoroder98@wired.com,Male,182.187.205.155
334,Cecilla,Paxforde,cpaxforde99@uol.com.br,Female,4.220.75.148
335,Roxine,McCutheon,rmccutheon9a@mozilla.org,Female,59.187.209.96
336,Tally,Wressell,twressell9b@oaic.gov.au,Male,69.145.119.168
337,Whitney,McKeady,wmckeady9c@ibm.com,Male,35.128.125.126
338,Abbie,Goare,agoare9d@admin.ch,Male,60.211.11.48
339,Grover,Attride,gattride9e@angelfire.com,Male,222.50.244.189
340,Verney,Abotson,vabotson9f@jigsy.com,Male,212.32.80.69
341,Hildy,Coulbeck,hcoulbeck9g@alibaba.com,Female,185.114.132.104
342,Ginni,Estick,gestick9h@ucoz.com,Female,74.92.160.178
343,Diane-marie,Nutbean,dnutbean9i@spiegel.de,Female,120.10.158.178
344,Clarie,Newlands,cnewlands9j@yale.edu,Female,90.160.227.121
345,Adelbert,Claire,aclaire9k@disqus.com,Male,76.45.210.6
346,Hendrick,Karpov,hkarpov9l@sfgate.com,Male,7.174.31.115
347,Thatcher,Kubelka,tkubelka9m@foxnews.com,Male,229.217.63.224
348,Hardy,Root,hroot9n@ucla.edu,Male,97.117.29.242
349,Kimball,Basili,kbasili9o@theatlantic.com,Male,115.241.57.18
350,Emmi,Ockenden,eockenden9p@reference.com,Female,227.220.197.156
351,Ronald,Nobriga,rnobriga9q@google.nl,Male,254.0.161.29
352,Cristobal,Waterson,cwaterson9r@umn.edu,Male,154.203.35.173
353,Riane,Wesson,rwesson9s@opensource.org,Female,114.74.86.21
354,Roanne,Macconaghy,rmacconaghy9t@nbcnews.com,Female,15.234.191.60
355,Miguelita,Iacopo,miacopo9u@exblog.jp,Female,199.226.67.116
356,Noby,McDonell,nmcdonell9v@netlog.com,Male,255.200.159.134
357,Yoshiko,Allder,yallder9w@dagondesign.com,Female,250.199.246.219
358,Brian,Mallion,bmallion9x@sohu.com,Male,207.58.53.178
359,Jilleen,Amis,jamis9y@vinaora.com,Female,221.200.56.26
360,Thoma,Surguine,tsurguine9z@mashable.com,Male,45.182.1.248
361,Benedicto,Danilchev,bdanilcheva0@time.com,Male,216.9.197.101
362,Leoine,Ruppel,lruppela1@seesaa.net,Female,50.249.51.247
363,Meg,Guiett,mguietta2@de.vu,Female,68.233.247.61
364,Corbett,Garfit,cgarfita3@zdnet.com,Male,122.30.186.117
365,Odele,Alforde,oalfordea4@npr.org,Female,125.215.108.139
366,Deana,Condie,dcondiea5@yandex.ru,Female,132.163.148.130
367,Colin,Worster,cworstera6@studiopress.com,Male,47.30.111.107
368,Leanora,Ivasyushkin,livasyushkina7@amazon.co.jp,Female,197.108.128.230
369,Marshall,Saunton,msauntona8@mapquest.com,Male,0.99.145.213
370,Ron,Dudding,rduddinga9@surveymonkey.com,Male,250.60.49.190
371,Wallis,Haggard,whaggardaa@shop-pro.jp,Female,67.79.145.247
372,Pia,Traice,ptraiceab@hc360.com,Female,3.164.119.32
373,Lauryn,Tomaszczyk,ltomaszczykac@walmart.com,Female,197.86.190.46
374,Caralie,Shawel,cshawelad@ask.com,Female,142.182.22.114
375,Ethyl,Antusch,eantuschae@about.me,Female,63.4.16.49
376,Adolphus,Faireclough,afairecloughaf@accuweather.com,Male,202.139.160.215
377,Suzy,Poultney,spoultneyag@vkontakte.ru,Female,42.201.239.255
378,Ina,Hayter,ihayterah@google.co.jp,Female,168.147.186.67
379,Rene,Clemot,rclemotai@last.fm,Female,128.176.130.246
380,Osbert,Senecaux,osenecauxaj@histats.com,Male,133.9.251.57
381,Jacquenetta,McGlade,jmcgladeak@seesaa.net,Female,46.182.105.235
382,Ryan,Christene,rchristeneal@theglobeandmail.com,Male,25.6.85.61
383,Jewel,Imesen,jimesenam@t.co,Female,120.195.40.189
384,Moises,Doohan,mdoohanan@photobucket.com,Male,104.166.215.238
385,Gilberto,Campanelli,gcampanelliao@barnesandnoble.com,Male,17.119.119.207
386,Aryn,Carrane,acarraneap@reverbnation.com,Female,27.248.149.196
387,Hallie,Sappell,hsappellaq@cargocollective.com,Female,139.96.151.158
388,Pattie,Gorling,pgorlingar@examiner.com,Female,217.60.62.147
389,Bernadene,Glenton,bglentonas@sbwire.com,Female,67.248.218.143
390,Marlie,Caulcutt,mcaulcuttat@mail.ru,Female,99.134.211.65
391,Brinna,Pratten,bprattenau@mashable.com,Female,68.115.156.79
392,Angel,Malone,amaloneav@wsj.com,Male,211.83.245.59
393,Codie,Stealy,cstealyaw@jigsy.com,Male,234.46.182.187
394,Vlad,Moreton,vmoretonax@dagondesign.com,Male,115.190.191.185
395,Bruce,Deluca,bdelucaay@xrea.com,Male,244.172.69.18
396,Ossie,Goodrum,ogoodrumaz@patch.com,Male,212.66.138.58
397,Lalo,Caldow,lcaldowb0@craigslist.org,Male,230.9.7.108
398,Cissy,Carloni,ccarlonib1@imdb.com,Female,239.222.31.174
399,Terry,Gilmore,tgilmoreb2@google.co.jp,Female,148.73.56.153
400,Filberte,Stait,fstaitb3@etsy.com,Male,174.229.192.130
401,Gayler,Hardman,ghardmanb4@mozilla.com,Male,129.71.83.133
402,Nessy,Geikie,ngeikieb5@unblog.fr,Female,133.224.230.116
403,Selby,Lambdon,slambdonb6@tinypic.com,Male,217.184.64.82
404,Gaby,Huguenet,ghuguenetb7@webmd.com,Female,0.185.242.224
405,Violette,Knath,vknathb8@imageshack.us,Female,13.117.37.48
406,Sumner,Prettyjohn,sprettyjohnb9@msn.com,Male,88.83.64.0
407,Mirella,Chalker,mchalkerba@vimeo.com,Female,217.172.205.52
408,Hamlin,Orsman,horsmanbb@weebly.com,Male,157.158.25.142
409,Hakim,Sarney,hsarneybc@army.mil,Male,145.182.227.234
410,Renate,Brindle,rbrindlebd@scribd.com,Female,163.113.37.75
411,Reynold,Debenham,rdebenhambe@java.com,Male,187.151.192.21
412,Farr,Aldiss,faldissbf@addtoany.com,Male,224.86.23.162
413,Wenona,Pheasant,wpheasantbg@wp.com,Female,248.63.3.41
414,Gayle,Loudian,gloudianbh@indiegogo.com,Male,240.233.241.109
415,Locke,Kevis,lkevisbi@ucla.edu,Male,189.51.73.34
416,Wolfie,Dotterill,wdotterillbj@de.vu,Male,1.174.105.148
417,Putnam,Motherwell,pmotherwellbk@webnode.com,Male,107.162.184.27
418,Rowney,Billanie,rbillaniebl@squidoo.com,Male,166.87.180.224
419,Natal,Mougeot,nmougeotbm@businessinsider.com,Male,217.97.44.0
420,Glenda,Werendell,gwerendellbn@nbcnews.com,Female,152.216.144.131
421,Zaneta,Mussared,zmussaredbo@answers.com,Female,12.246.149.21
422,Obediah,Jamson,ojamsonbp@drupal.org,Male,51.146.149.19
423,Becca,Loggie,bloggiebq@ezinearticles.com,Female,245.136.238.79
424,Raychel,Kochl,rkochlbr@printfriendly.com,Female,220.51.196.69
425,Garry,Balstone,gbalstonebs@digg.com,Male,19.180.71.38
426,Klemens,Trebilcock,ktrebilcockbt@nbcnews.com,Male,105.67.152.215
427,Hyatt,Carmo,hcarmobu@sun.com,Male,38.211.96.88
428,Maddie,Toppes,mtoppesbv@stumbleupon.com,Male,70.190.236.170
429,Marshal,von Grollmann,mvongrollmannbw@mozilla.com,Male,3.140.95.185
430,Susann,Gillimgham,sgillimghambx@auda.org.au,Female,182.51.108.45
431,Glyn,Cosely,gcoselyby@prlog.org,Female,222.10.68.197
432,Delia,Beddoe,dbeddoebz@wikimedia.org,Female,23.52.104.37
433,Leonardo,Thumann,lthumannc0@mapy.cz,Male,121.177.152.102
434,Rhys,Pierce,rpiercec1@webmd.com,Male,181.15.46.175
435,Sarena,Conklin,sconklinc2@devhub.com,Female,8.221.169.42
436,Gerik,Sygrove,gsygrovec3@utexas.edu,Male,57.199.7.177
437,Alberik,Lewin,alewinc4@dyndns.org,Male,187.56.54.229
438,Mari,D'Ambrosi,mdambrosic5@github.com,Female,164.235.175.44
439,Devland,Lowman,dlowmanc6@constantcontact.com,Male,13.177.174.206
440,Christabella,Bollini,cbollinic7@360.cn,Female,199.44.55.216
441,Kerwinn,McClymond,kmcclymondc8@google.com.hk,Male,2.83.179.217
442,Rossie,Bance,rbancec9@1688.com,Male,131.92.9.107
443,Andrew,Jako,ajakoca@ebay.com,Male,47.226.153.126
444,Atlante,Swafield,aswafieldcb@reuters.com,Female,17.59.86.247
445,Kerr,Fricke,kfrickecc@huffingtonpost.com,Male,127.2.241.152
446,Valentine,Milnes,vmilnescd@newyorker.com,Male,102.143.60.104
447,Ginger,Grenshiels,ggrenshielsce@jiathis.com,Male,33.69.208.2
448,Tybi,Cay,tcaycf@wikispaces.com,Female,1.81.186.101
449,Susette,Davenhill,sdavenhillcg@hp.com,Female,81.50.172.229
450,Parker,Guyan,pguyanch@fda.gov,Male,141.136.195.127
451,Phillip,Haquin,phaquinci@goo.gl,Male,231.169.76.183
452,Felipa,Warnock,fwarnockcj@gnu.org,Female,142.253.144.250
453,Lauree,Gaddie,lgaddieck@engadget.com,Female,164.151.126.234
454,Obadias,Cunnow,ocunnowcl@posterous.com,Male,196.14.232.103
455,Lynnell,McVaugh,lmcvaughcm@theglobeandmail.com,Female,126.128.166.99
456,Livvyy,Beedle,lbeedlecn@google.fr,Female,76.110.35.144
457,Marshal,Jovovic,mjovovicco@artisteer.com,Male,103.231.254.179
458,Alfi,Bonellie,abonelliecp@webeden.co.uk,Female,19.67.198.165
459,Tanner,Oloshin,toloshincq@hao123.com,Male,239.74.73.220
460,Brittan,Hanmore,bhanmorecr@opensource.org,Female,77.70.153.79
461,Muire,Carrack,mcarrackcs@prlog.org,Female,218.1.194.248
462,Babbette,Dorot,bdorotct@unblog.fr,Female,194.185.14.67
463,Mike,Casement,mcasementcu@fema.gov,Male,139.205.50.73
464,Pansy,Barcke,pbarckecv@wordpress.org,Female,64.139.133.173
465,Todd,Glenwright,tglenwrightcw@pinterest.com,Male,160.232.63.163
466,Alva,Behan,abehancx@ox.ac.uk,Male,102.33.99.5
467,Reginald,Hundell,rhundellcy@exblog.jp,Male,92.191.218.79
468,Randolph,Harryman,rharrymancz@pinterest.com,Male,109.228.94.184
469,Melisande,Yanez,myanezd0@ucoz.com,Female,208.181.194.85
470,Delora,Cradey,dcradeyd1@telegraph.co.uk,Female,59.110.224.41
471,Matteo,Sneesbie,msneesbied2@simplemachines.org,Male,184.254.211.246
472,Cecilius,Fenne,cfenned3@weibo.com,Male,122.223.42.186
473,Bell,Lewsie,blewsied4@instagram.com,Female,77.194.40.212
474,Terry,Alliker,tallikerd5@disqus.com,Female,89.12.3.3
475,Ardine,Manilove,amaniloved6@privacy.gov.au,Female,197.100.44.137
476,Sara,Appleton,sappletond7@vimeo.com,Female,62.160.171.203
477,Korrie,Sandom,ksandomd8@icio.us,Female,138.2.120.97
478,Emilie,Castri,ecastrid9@intel.com,Female,171.235.75.175
479,Cybil,Spurrior,cspurriorda@flickr.com,Female,248.119.155.136
480,Vyky,Kupke,vkupkedb@cdbaby.com,Female,76.172.43.223
481,Bobbette,Chisnell,bchisnelldc@naver.com,Female,89.108.106.60
482,Myrah,Creedland,mcreedlanddd@toplist.cz,Female,188.52.72.39
483,Wilfred,Bysh,wbyshde@wikipedia.org,Male,230.241.240.240
484,Sanford,Kellegher,skellegherdf@360.cn,Male,233.108.193.24
485,Logan,Soal,lsoaldg@illinois.edu,Male,21.49.53.29
486,Fawne,Sollowaye,fsollowayedh@gizmodo.com,Female,26.126.121.130
487,Serena,Ducrow,sducrowdi@globo.com,Female,64.11.49.84
488,Huntley,Mitchard,hmitcharddj@abc.net.au,Male,36.123.216.40
489,Valerye,McVanamy,vmcvanamydk@usatoday.com,Female,207.53.104.105
490,Hi,Rosedale,hrosedaledl@oakley.com,Male,135.96.194.235
491,Alphard,Lomath,alomathdm@cbc.ca,Male,110.81.131.144
492,Rickard,Worrall,rworralldn@homestead.com,Male,53.4.55.61
493,Beilul,Tumility,btumilitydo@usnews.com,Female,162.181.80.50
494,Theodosia,De Benedetti,tdebenedettidp@xing.com,Female,87.138.56.151
495,Gaelan,Retchford,gretchforddq@twitpic.com,Male,23.102.70.105
496,Pavel,Jindrak,pjindrakdr@unblog.fr,Male,135.249.251.95
497,Calla,Caplis,ccaplisds@istockphoto.com,Female,228.248.127.184
498,Veda,Allman,vallmandt@apache.org,Female,184.48.123.30
499,Karlyn,Groarty,kgroartydu@umn.edu,Female,204.40.33.220
500,Gizela,Fesby,gfesbydv@bigcartel.com,Female,82.30.113.1
501,Tracey,Knappen,tknappendw@zimbio.com,Male,194.205.116.31
502,Georges,Brehault,gbrehaultdx@stumbleupon.com,Male,254.71.170.219
503,Tyler,Messier,tmessierdy@fotki.com,Male,221.9.85.121
504,Dane,Beane,dbeanedz@tiny.cc,Male,79.92.43.74
505,Fabien,Dabel,fdabele0@pbs.org,Male,86.58.202.79
506,Artair,Leydon,aleydone1@xing.com,Male,161.56.183.89
507,Averell,Bramford,abramforde2@canalblog.com,Male,64.176.120.12
508,Rubi,Eagleston,reaglestone3@sogou.com,Female,52.159.206.166
509,Sylvester,Yeskin,syeskine4@icio.us,Male,165.150.97.41
510,Ilario,Skyner,iskynere5@rakuten.co.jp,Male,118.32.238.231
511,Anselm,Barringer,abarringere6@dmoz.org,Male,28.95.137.131
512,Osmund,Garthland,ogarthlande7@vk.com,Male,0.14.113.80
513,Cassondra,Benian,cbeniane8@chicagotribune.com,Female,209.137.114.65
514,Jeremy,Coffee,jcoffeee9@icq.com,Male,19.63.11.144
515,Abra,Harsnipe,aharsnipeea@list-manage.com,Female,82.183.21.166
516,Kearney,Avrahamy,kavrahamyeb@wikia.com,Male,186.194.139.188
517,Bethena,Dono,bdonoec@surveymonkey.com,Female,19.46.17.150
518,Pen,Cripps,pcrippsed@istockphoto.com,Male,112.187.152.225
519,Dalis,Reap,dreapee@cmu.edu,Male,42.222.197.164
520,Nikaniki,Oldnall,noldnallef@imgur.com,Female,230.59.24.134
521,Manon,Perrett,mperretteg@chronoengine.com,Female,177.207.218.252
522,Nero,Ccomini,nccominieh@google.fr,Male,19.143.235.19
523,Pattie,Gresswell,pgresswellei@sun.com,Female,37.10.162.121
524,Terese,Durbin,tdurbinej@addthis.com,Female,28.50.7.176
525,Clarinda,Pacquet,cpacquetek@gravatar.com,Female,46.107.81.14
526,Joni,Davy,jdavyel@wisc.edu,Female,38.154.193.110
527,Farica,Marlow,fmarlowem@1688.com,Female,240.41.64.183
528,Claudell,Antonomolii,cantonomoliien@weebly.com,Male,128.253.231.90
529,Edmund,Roglieri,eroglierieo@ted.com,Male,75.48.159.74
530,Cirillo,Leyburn,cleyburnep@vimeo.com,Male,220.196.20.97
531,Stanford,Penreth,spenretheq@t.co,Male,48.227.8.166
532,Kimberlyn,Dalgliesh,kdalgliesher@a8.net,Female,95.111.158.14
533,Elbert,Milne,emilnees@cnn.com,Male,113.107.88.227
534,Dev,Sherrum,dsherrumet@auda.org.au,Male,48.164.125.241
535,Carly,Dummigan,cdummiganeu@macromedia.com,Male,192.71.107.142
536,Jillene,True,jtrueev@cdbaby.com,Female,79.117.174.199
537,Dru,Gounel,dgounelew@fema.gov,Male,104.62.93.31
538,Jacky,McDonagh,jmcdonaghex@alibaba.com,Male,148.2.48.224
539,Allan,Kender,akenderey@nps.gov,Male,85.195.64.54
540,Tedd,Attersoll,tattersollez@storify.com,Male,15.219.253.247
541,Corinna,Lochrie,clochrief0@deliciousdays.com,Female,228.75.122.40
542,Leighton,Sissot,lsissotf1@nba.com,Male,146.247.255.3
543,Creighton,Gallo,cgallof2@quantcast.com,Male,36.185.168.144
544,Petronia,Lurner,plurnerf3@photobucket.com,Female,139.217.244.220
545,Almeda,Sherbourne,asherbournef4@lulu.com,Female,81.244.174.59
546,Gideon,Biasini,gbiasinif5@oracle.com,Male,1.3.246.80
547,Whitman,Cavee,wcaveef6@ebay.co.uk,Male,212.69.25.35
548,Nicolina,Weeke,nweekef7@merriam-webster.com,Female,145.240.60.0
549,Roxanna,Corselles,rcorsellesf8@moonfruit.com,Female,31.233.61.27
550,Moshe,Lande,mlandef9@pinterest.com,Male,75.218.44.97
551,Pip,Revie,previefa@google.com.hk,Male,137.63.197.181
552,Angil,Rutherfoord,arutherfoordfb@furl.net,Female,92.163.206.245
553,Emmalee,Doumer,edoumerfc@skyrock.com,Female,17.4.156.27
554,Gerta,Divall,gdivallfd@sourceforge.net,Female,67.98.48.81
555,Ginnifer,Seedull,gseedullfe@google.pl,Female,202.77.29.98
556,Simmonds,Foystone,sfoystoneff@dailymotion.com,Male,70.230.108.151
557,Feliza,Jobey,fjobeyfg@psu.edu,Female,62.74.202.46
558,Durand,Burnapp,dburnappfh@dyndns.org,Male,67.44.166.97
559,Ramonda,Magson,rmagsonfi@disqus.com,Female,118.71.135.28
560,Reggy,Bonus,rbonusfj@wisc.edu,Male,216.170.207.33
561,Ewen,Walthall,ewalthallfk@godaddy.com,Male,216.246.182.30
562,Gardiner,Blair,gblairfl@privacy.gov.au,Male,45.193.254.39
563,Brit,Tompkins,btompkinsfm@quantcast.com,Male,244.224.100.202
564,Vidovik,McIntee,vmcinteefn@auda.org.au,Male,185.109.202.229
565,Erminie,Hudd,ehuddfo@homestead.com,Female,159.203.48.216
566,Jasun,McKinney,jmckinneyfp@chronoengine.com,Male,14.167.180.88
567,Nealy,Coope,ncoopefq@hubpages.com,Male,68.52.235.53
568,Killian,McGowing,kmcgowingfr@vistaprint.com,Male,245.178.27.214
569,Myles,Symcock,msymcockfs@jalbum.net,Male,106.80.14.229
570,Jorge,Adkins,jadkinsft@shutterfly.com,Male,113.55.180.95
571,Sig,Leidl,sleidlfu@mail.ru,Male,28.81.8.191
572,Syman,Guidini,sguidinifv@themeforest.net,Male,154.97.51.49
573,Ursula,Glenwright,uglenwrightfw@icio.us,Female,182.98.39.182
574,Stella,Asman,sasmanfx@moonfruit.com,Female,101.201.194.120
575,Jerrine,Steere,jsteerefy@narod.ru,Female,124.128.60.20
576,Morlee,Pavinese,mpavinesefz@redcross.org,Male,239.113.206.221
577,Rabbi,Chapell,rchapellg0@about.me,Male,23.79.113.0
578,Melvin,Ganiford,mganifordg1@bbc.co.uk,Male,245.178.249.190
579,Beltran,Dorricott,bdorricottg2@guardian.co.uk,Male,79.127.199.230
580,Kristal,Ofield,kofieldg3@google.ru,Female,12.24.20.21
581,Selma,Temprell,stemprellg4@imageshack.us,Female,16.31.171.242
582,Kory,Hansford,khansfordg5@bigcartel.com,Male,219.251.239.205
583,Pembroke,Keepin,pkeeping6@illinois.edu,Male,109.128.152.29
584,Linette,Desvignes,ldesvignesg7@globo.com,Female,245.211.103.117
585,Cherida,Rothery,crotheryg8@boston.com,Female,115.25.75.108
586,Vivian,Durnford,vdurnfordg9@printfriendly.com,Female,57.26.119.84
587,Aimil,Briat,abriatga@cocolog-nifty.com,Female,80.203.62.163
588,Clim,Stive,cstivegb@domainmarket.com,Male,224.57.152.143
589,Ellwood,Berthomier,eberthomiergc@geocities.com,Male,202.62.225.72
590,Brewster,Feather,bfeathergd@xinhuanet.com,Male,225.33.178.203
591,Noell,Vigors,nvigorsge@microsoft.com,Female,167.99.175.28
592,Merrielle,Fomichkin,mfomichkingf@cargocollective.com,Female,93.89.195.164
593,Jen,Wyse,jwysegg@answers.com,Female,90.251.52.73
594,Desiri,Marcoolyn,dmarcoolyngh@joomla.org,Female,44.13.17.25
595,Elysee,Redd,ereddgi@ehow.com,Female,192.214.72.254
596,Marwin,Benoey,mbenoeygj@spotify.com,Male,72.130.63.214
597,Tatiania,Cranny,tcrannygk@cnbc.com,Female,171.108.192.151
598,Ava,Gomme,agommegl@joomla.org,Female,172.159.109.45
599,Stesha,Rattray,srattraygm@foxnews.com,Female,213.25.239.74
600,Stanwood,McGeachy,smcgeachygn@reuters.com,Male,34.60.23.127
601,Kristoforo,Menlove,kmenlovego@archive.org,Male,70.217.88.167
602,Gustie,Dutteridge,gdutteridgegp@google.es,Female,33.0.218.212
603,Franz,Campaigne,fcampaignegq@ning.com,Male,38.55.220.31
604,Janelle,Chaudron,jchaudrongr@alibaba.com,Female,102.101.13.32
605,Nessi,Rosenbarg,nrosenbarggs@zimbio.com,Female,158.60.165.114
606,Stefanie,Cullagh,scullaghgt@house.gov,Female,99.168.85.195
607,Yoko,Skydall,yskydallgu@toplist.cz,Female,7.162.43.91
608,Aluin,Kail,akailgv@wired.com,Male,19.130.127.108
609,Virgie,Dauber,vdaubergw@parallels.com,Male,102.199.110.49
610,Bertha,Land,blandgx@usgs.gov,Female,186.130.238.233
611,Boyd,Exter,bextergy@amazon.co.jp,Male,60.171.20.226
612,Royal,Svanetti,rsvanettigz@bbc.co.uk,Male,134.203.26.99
613,Sunny,Giovanetti,sgiovanettih0@digg.com,Male,174.230.8.134
614,Cheslie,Bulfit,cbulfith1@cmu.edu,Female,36.19.171.159
615,Michaelina,Torra,mtorrah2@etsy.com,Female,46.115.176.173
616,Carine,Sermin,cserminh3@moonfruit.com,Female,190.196.47.167
617,Marabel,Baxstair,mbaxstairh4@epa.gov,Female,19.42.124.61
618,Chandler,Lapping,clappingh5@yelp.com,Male,83.5.118.49
619,Pepito,Crunkhurn,pcrunkhurnh6@newyorker.com,Male,1.133.24.213
620,Jeanne,Craiker,jcraikerh7@dailymail.co.uk,Female,47.158.203.30
621,Antoni,Brampton,abramptonh8@telegraph.co.uk,Male,228.200.84.56
622,Danny,Kidde,dkiddeh9@nbcnews.com,Female,125.18.141.191
623,Claudell,Ginglell,cginglellha@ucsd.edu,Male,149.98.89.246
624,Averil,Hurlestone,ahurlestonehb@mediafire.com,Male,20.139.155.44
625,Diann,Sifleet,dsifleethc@amazon.co.uk,Female,239.203.188.45
626,Duane,Deas,ddeashd@ucsd.edu,Male,149.135.172.171
627,Jonah,Oldroyd,joldroydhe@scribd.com,Male,249.102.16.219
628,Gawain,Bellee,gbelleehf@nytimes.com,Male,156.208.105.130
629,Erik,Pech,epechhg@nba.com,Male,234.112.200.41
630,Mikkel,Morriss,mmorrisshh@google.com.au,Male,192.135.35.73
631,Kenon,Boorman,kboormanhi@nydailynews.com,Male,93.52.26.150
632,Ludvig,Ballach,lballachhj@xing.com,Male,93.208.8.205
633,Fred,Claremont,fclaremonthk@biglobe.ne.jp,Male,95.149.70.129
634,Lindy,Klimshuk,lklimshukhl@gov.uk,Male,171.219.130.60
635,Roz,Verissimo,rverissimohm@wiley.com,Female,146.207.148.201
636,Lucretia,Doward,ldowardhn@hao123.com,Female,248.199.46.104
637,Shelagh,Plues,spluesho@odnoklassniki.ru,Female,214.161.222.146
638,Ham,Longstaffe,hlongstaffehp@sfgate.com,Male,255.11.98.57
639,Dur,Spurdens,dspurdenshq@hubpages.com,Male,104.239.139.21
640,Margery,Aronin,maroninhr@cafepress.com,Female,179.108.210.70
641,Janis,Van Der Weedenburg,jvanderweedenburghs@ox.ac.uk,Female,52.25.79.222
642,Carmelle,Buncom,cbuncomht@ask.com,Female,220.97.133.238
643,Gib,Traher,gtraherhu@gov.uk,Male,18.79.122.62
644,Nannie,Fowley,nfowleyhv@webnode.com,Female,247.232.109.239
645,Shurlocke,Hackley,shackleyhw@artisteer.com,Male,73.251.224.82
646,Joane,Thorne,jthornehx@clickbank.net,Female,87.198.232.173
647,Beltran,Farrance,bfarrancehy@hostgator.com,Male,150.247.195.152
648,Daron,Burner,dburnerhz@twitpic.com,Male,56.109.191.40
649,Tomaso,Curado,tcuradoi0@wufoo.com,Male,191.209.106.170
650,Helenelizabeth,Hurch,hhurchi1@icio.us,Female,20.68.12.249
651,Troy,Goss,tgossi2@woothemes.com,Male,39.191.42.140
652,Susette,Hulatt,shulatti3@latimes.com,Female,43.96.251.96
653,Dixie,Rouf,droufi4@ifeng.com,Female,134.225.88.237
654,Cash,Gingles,cginglesi5@hatena.ne.jp,Male,255.184.41.31
655,Issiah,Deacon,ideaconi6@indiegogo.com,Male,146.112.169.121
656,Sergent,Ronchka,sronchkai7@shinystat.com,Male,100.0.42.80
657,Margaret,Kirwin,mkirwini8@sbwire.com,Female,40.95.34.54
658,Merell,Filpi,mfilpii9@yelp.com,Male,146.79.139.77
659,Bernie,Burel,bburelia@merriam-webster.com,Male,87.159.25.51
660,Lari,Prium,lpriumib@foxnews.com,Female,61.111.64.202
661,Christye,Pau,cpauic@state.tx.us,Female,163.213.34.93
662,Rochella,Yeiles,ryeilesid@squarespace.com,Female,148.238.98.71
663,Hercules,Gerrietz,hgerrietzie@yahoo.com,Male,191.12.204.240
664,Reginauld,Dechelette,rdecheletteif@instagram.com,Male,176.19.106.72
665,Thomasine,Pegden,tpegdenig@acquirethisname.com,Female,176.242.1.190
666,Eldin,Sterte,esterteih@yolasite.com,Male,124.161.206.186
667,Igor,Carragher,icarragherii@seattletimes.com,Male,208.50.146.235
668,Madelin,Caseborne,mcaseborneij@devhub.com,Female,199.198.109.49
669,Kathrine,Attril,kattrilik@hao123.com,Female,255.100.244.253
670,Sibby,Scotford,sscotfordil@cam.ac.uk,Female,155.183.107.138
671,Sheree,Poltun,spoltunim@google.nl,Female,73.48.155.203
672,Harper,Millins,hmillinsin@list-manage.com,Male,91.57.136.109
673,Iormina,Girardet,igirardetio@uiuc.edu,Female,32.255.63.190
674,Townie,Firminger,tfirmingerip@e-recht24.de,Male,108.6.98.160
675,Bonny,Fradson,bfradsoniq@i2i.jp,Female,100.162.138.201
676,Eddie,Marquet,emarquetir@reddit.com,Female,52.229.147.187
677,Dela,Ruffle,druffleis@homestead.com,Female,184.191.185.82
678,Codi,Freschini,cfreschiniit@earthlink.net,Male,221.93.130.116
679,Evvie,Abrashkin,eabrashkiniu@mediafire.com,Female,4.33.64.240
680,Raffaello,Hexter,rhexteriv@google.ca,Male,82.58.193.51
681,Chick,Gush,cgushiw@wikia.com,Male,251.94.242.219
682,Anselm,Waight,awaightix@ifeng.com,Male,208.236.144.101
683,Darbee,Laherty,dlahertyiy@earthlink.net,Male,3.206.161.135
684,Caryl,Bradick,cbradickiz@oakley.com,Male,44.121.19.250
685,Ciro,Koschek,ckoschekj0@opensource.org,Male,48.10.175.19
686,Cassi,Simoes,csimoesj1@shareasale.com,Female,29.214.170.83
687,Hugh,Goldberg,hgoldbergj2@auda.org.au,Male,180.13.63.240
688,Allie,Rickasse,arickassej3@wired.com,Male,78.134.8.250
689,Isidore,Leat,ileatj4@nih.gov,Male,78.144.150.179
690,Oriana,Inseal,oinsealj5@friendfeed.com,Female,52.252.100.65
691,Maisey,Hallin,mhallinj6@skype.com,Female,29.166.247.239
692,Kandace,Huygen,khuygenj7@java.com,Female,184.68.96.233
693,Lyndsie,Fennick,lfennickj8@about.me,Female,12.249.48.132
694,Den,Ferrari,dferrarij9@blogs.com,Male,91.157.121.107
695,Ninon,Wadley,nwadleyja@bing.com,Female,64.164.225.85
696,Brooks,Cardoe,bcardoejb@theguardian.com,Male,203.197.165.102
697,Georgiana,Allbut,gallbutjc@sina.com.cn,Female,204.50.240.34
698,Cobb,Morstatt,cmorstattjd@eventbrite.com,Male,212.189.183.155
699,Trina,Prebble,tprebbleje@psu.edu,Female,109.120.42.171
700,Taite,Bontein,tbonteinjf@skype.com,Male,111.108.37.213
701,Vick,Bouzek,vbouzekjg@goo.gl,Male,38.121.128.222
702,Perren,Foldes,pfoldesjh@jalbum.net,Male,123.45.229.95
703,Fancy,Wishkar,fwishkarji@youku.com,Female,35.35.69.211
704,Waldemar,Morecombe,wmorecombejj@columbia.edu,Male,81.36.194.223
705,Francoise,Lyffe,flyffejk@spotify.com,Female,174.244.217.69
706,Kipper,Brugden,kbrugdenjl@t-online.de,Male,9.220.38.114
707,Kelley,Clashe,kclashejm@rambler.ru,Male,79.209.164.192
708,Gaelan,Spink,gspinkjn@google.it,Male,195.156.249.55
709,Conn,Quarrie,cquarriejo@theglobeandmail.com,Male,149.81.103.141
710,Mathilda,Downing,mdowningjp@dailymail.co.uk,Female,136.98.177.78
711,Sheba,Carter,scarterjq@ftc.gov,Female,18.238.74.205
712,Gretta,Feehan,gfeehanjr@webs.com,Female,168.234.193.10
713,Mason,Dominik,mdominikjs@exblog.jp,Male,183.108.29.43
714,Shelagh,Pulsford,spulsfordjt@europa.eu,Female,148.199.239.230
715,Goldie,Pidwell,gpidwellju@webeden.co.uk,Female,189.176.98.88
716,Inge,Sibylla,isibyllajv@linkedin.com,Female,100.45.30.19
717,Rorie,Cham,rchamjw@pbs.org,Female,214.109.253.164
718,Torry,O'Dare,todarejx@addtoany.com,Male,153.45.187.124
719,Alessandro,Hingeley,ahingeleyjy@ebay.com,Male,197.50.126.173
720,Benjy,Dolley,bdolleyjz@trellian.com,Male,252.226.12.200
721,Bryant,Corneliussen,bcorneliussenk0@wikipedia.org,Male,111.56.212.188
722,Ginger,Axworthy,gaxworthyk1@xinhuanet.com,Female,167.144.89.49
723,Montgomery,Cowsby,mcowsbyk2@phoca.cz,Male,201.200.134.42
724,Bil,Levet,blevetk3@archive.org,Male,131.121.101.20
725,Lanita,Hazelton,lhazeltonk4@twitpic.com,Female,34.248.187.23
726,Dukie,Pawlaczyk,dpawlaczykk5@dailymail.co.uk,Male,126.60.175.238
727,Eberto,Pirozzi,epirozzik6@washingtonpost.com,Male,240.157.31.75
728,Kip,Gammage,kgammagek7@eepurl.com,Male,236.62.216.52
729,Cati,Mattson,cmattsonk8@symantec.com,Female,174.119.202.206
730,Devondra,Kelberman,dkelbermank9@wordpress.org,Female,74.140.159.105
731,Paolina,Samme,psammeka@nih.gov,Female,60.136.168.75
732,Warren,Bridat,wbridatkb@wired.com,Male,5.218.217.242
733,Mellisa,Bartolijn,mbartolijnkc@biglobe.ne.jp,Female,118.36.103.236
734,Meghann,Chipps,mchippskd@buzzfeed.com,Female,115.90.242.131
735,Tobey,Rubi,trubike@chronoengine.com,Female,34.12.223.125
736,Olag,Giovanni,ogiovannikf@drupal.org,Male,224.42.213.75
737,Gavin,Gniewosz,ggniewoszkg@comcast.net,Male,81.87.194.211
738,Den,Thorley,dthorleykh@house.gov,Male,105.246.195.159
739,Titos,Sains,tsainski@netscape.com,Male,118.183.81.77
740,Alfy,Galier,agalierkj@ustream.tv,Female,88.96.177.252
741,Sam,Skokoe,sskokoekk@eepurl.com,Male,56.61.3.237
742,Vaughan,Lambertson,vlambertsonkl@friendfeed.com,Male,63.239.243.94
743,Arliene,Mathiassen,amathiassenkm@mozilla.com,Female,115.177.208.23
744,Giacobo,Babe,gbabekn@opera.com,Male,140.63.223.151
745,Carmine,Cesconi,ccesconiko@theatlantic.com,Male,162.16.7.155
746,Millisent,Pescott,mpescottkp@stanford.edu,Female,54.254.244.144
747,Vidovik,Lipmann,vlipmannkq@tinyurl.com,Male,216.137.149.48
748,Debi,McElory,dmcelorykr@google.com.hk,Female,181.38.188.195
749,Sascha,Medley,smedleyks@buzzfeed.com,Male,32.14.73.230
750,Tony,Angier,tangierkt@purevolume.com,Male,98.1.137.83
751,Morlee,Tillett,mtillettku@ehow.com,Male,36.140.125.8
752,Micki,Fullerton,mfullertonkv@alibaba.com,Female,192.39.143.5
753,Marney,Ferre,mferrekw@springer.com,Female,175.41.129.213
754,Antons,Pilmore,apilmorekx@apple.com,Male,99.219.1.62
755,Britney,Pietraszek,bpietraszekky@behance.net,Female,223.95.216.8
756,Benedetto,Neaverson,bneaversonkz@barnesandnoble.com,Male,17.88.208.178
757,Jeffy,Ivanisov,jivanisovl0@patch.com,Male,86.173.226.225
758,Marshall,Worms,mwormsl1@blogger.com,Male,211.57.97.193
759,Tremaine,Allpress,tallpressl2@wikispaces.com,Male,112.92.204.84
760,Billy,Simmans,bsimmansl3@g.co,Male,130.25.138.239
761,Kelby,Dumigan,kdumiganl4@lulu.com,Male,42.255.77.111
762,Larissa,Grazier,lgrazierl5@sourceforge.net,Female,222.236.244.179
763,Aida,Kleinberer,akleinbererl6@tuttocitta.it,Female,200.74.73.90
764,Cassandra,Storah,cstorahl7@gizmodo.com,Female,175.41.255.65
765,Udale,Gerling,ugerlingl8@google.com.hk,Male,60.59.122.159
766,Osbert,Janssen,ojanssenl9@yellowpages.com,Male,208.188.12.78
767,Elsbeth,Masseo,emasseola@xinhuanet.com,Female,9.252.169.9
768,Brand,O'Siaghail,bosiaghaillb@weather.com,Male,92.23.80.28
769,Eamon,Jolin,ejolinlc@chicagotribune.com,Male,64.80.199.240
770,Ailyn,Sommerville,asommervilleld@bandcamp.com,Female,153.21.67.188
771,Tristan,Cauldfield,tcauldfieldle@mediafire.com,Male,90.150.232.87
772,Madelina,Tomson,mtomsonlf@shop-pro.jp,Female,202.3.214.199
773,Dael,Gouldie,dgouldielg@umn.edu,Female,203.23.209.180
774,Kippie,Bier,kbierlh@yolasite.com,Male,242.241.249.162
775,Gusti,Enriques,genriquesli@mozilla.com,Female,254.163.115.239
776,Lianna,Pionter,lpionterlj@biglobe.ne.jp,Female,8.58.208.84
777,Herby,Offin,hoffinlk@g.co,Male,47.234.86.130
778,Tanitansy,Van der Velden,tvanderveldenll@nationalgeographic.com,Female,147.128.252.22
779,Terrance,Rodear,trodearlm@printfriendly.com,Male,120.155.184.81
780,Garvy,Confait,gconfaitln@amazon.co.uk,Male,43.44.167.32
781,Lyell,Varnes,lvarneslo@addthis.com,Male,54.48.138.125
782,Tina,Gifkins,tgifkinslp@istockphoto.com,Female,24.55.214.233
783,Milt,Minnis,mminnislq@icq.com,Male,113.202.61.108
784,Stillman,Hegden,shegdenlr@i2i.jp,Male,79.139.240.221
785,Selinda,Yaakov,syaakovls@paginegialle.it,Female,201.162.144.218
786,Kathye,Olyfat,kolyfatlt@elpais.com,Female,124.66.60.41
787,Nicoli,Rebeiro,nrebeirolu@hhs.gov,Female,251.227.176.66
788,Annabela,Chapell,achapelllv@rakuten.co.jp,Female,147.193.73.212
789,Iggie,Venmore,ivenmorelw@friendfeed.com,Male,145.42.194.148
790,Merline,Drynan,mdrynanlx@mayoclinic.com,Female,224.133.59.20
791,Marijn,Josifovitz,mjosifovitzly@spotify.com,Male,12.243.215.232
792,Myra,Fieldhouse,mfieldhouselz@mapquest.com,Female,1.17.8.78
793,Clarita,Cartwight,ccartwightm0@skyrock.com,Female,13.39.105.175
794,Bryana,Squibbs,bsquibbsm1@google.nl,Female,151.7.246.31
795,Heath,Conrart,hconrartm2@senate.gov,Male,62.243.73.124
796,Gabriel,Uc,gucm3@economist.com,Female,41.214.237.117
797,Inesita,Brassington,ibrassingtonm4@go.com,Female,184.4.10.89
798,Felicio,Scholcroft,fscholcroftm5@behance.net,Male,113.100.254.39
799,Roosevelt,Marvel,rmarvelm6@sfgate.com,Male,116.41.103.106
800,Mandie,Ratledge,mratledgem7@gizmodo.com,Female,251.169.220.234
801,Raul,St Pierre,rstpierrem8@sfgate.com,Male,112.158.234.28
802,Simonette,Blitzer,sblitzerm9@aol.com,Female,50.86.189.188
803,Derby,McGarrell,dmcgarrellma@columbia.edu,Male,177.118.80.36
804,Emmerich,Mingardi,emingardimb@gov.uk,Male,3.85.18.198
805,Dalis,Gerson,dgersonmc@ezinearticles.com,Male,69.120.185.195
806,Malachi,Bloodworth,mbloodworthmd@blogs.com,Male,133.33.210.99
807,Dahlia,Bengtsson,dbengtssonme@epa.gov,Female,96.79.12.13
808,Theo,Riquet,triquetmf@wisc.edu,Female,248.130.253.109
809,Sybilla,Leppington,sleppingtonmg@acquirethisname.com,Female,51.122.163.96
810,Jeno,Antyshev,jantyshevmh@hexun.com,Male,16.8.129.229
811,Angela,Menego,amenegomi@netscape.com,Female,83.175.103.159
812,Christoper,Harris,charrismj@netvibes.com,Male,32.26.241.139
813,Daphene,Bramelt,dbrameltmk@i2i.jp,Female,138.145.226.131
814,Angel,Cullip,acullipml@reference.com,Female,182.56.212.128
815,Land,Geach,lgeachmm@ycombinator.com,Male,130.159.253.206
816,Reggi,Gittens,rgittensmn@stumbleupon.com,Female,219.99.66.167
817,Atlante,Kayley,akayleymo@sogou.com,Female,190.206.139.24
818,Liza,Mulleary,lmullearymp@ustream.tv,Female,120.146.106.172
819,Birgitta,Reston,brestonmq@exblog.jp,Female,43.100.80.49
820,Vaughan,Kasman,vkasmanmr@fc2.com,Male,90.14.153.229
821,Rubia,Corneck,rcorneckms@senate.gov,Female,205.1.77.217
822,Heinrik,Spino,hspinomt@trellian.com,Male,178.190.73.125
823,Matti,Janicek,mjanicekmu@ameblo.jp,Female,92.249.137.176
824,Harriett,Haymes,hhaymesmv@stanford.edu,Female,219.120.173.78
825,Sapphira,Wink,swinkmw@arstechnica.com,Female,35.241.239.112
826,Joscelin,Yair,jyairmx@noaa.gov,Female,121.203.194.198
827,Margette,Boldra,mboldramy@smugmug.com,Female,231.33.75.184
828,Nichol,Novkovic,nnovkovicmz@wikipedia.org,Female,167.199.237.63
829,Zacharie,Hedges,zhedgesn0@irs.gov,Male,197.21.172.44
830,Mary,Minshall,mminshalln1@hostgator.com,Female,13.14.4.194
831,Lenee,Riseam,lriseamn2@jiathis.com,Female,50.132.168.62
832,Blanca,Swatradge,bswatradgen3@sfgate.com,Female,231.161.224.109
833,Reamonn,Galvan,rgalvann4@w3.org,Male,163.23.56.206
834,Adriane,Staves,astavesn5@yolasite.com,Female,163.92.241.148
835,Toni,Deedes,tdeedesn6@nymag.com,Female,44.175.89.187
836,Esma,Beaton,ebeatonn7@google.com.au,Female,104.184.246.22
837,Jemimah,Greenham,jgreenhamn8@chron.com,Female,122.130.125.207
838,Raquela,Ishchenko,rishchenkon9@sfgate.com,Female,221.103.89.105
839,Ilene,Gonet,igonetna@dot.gov,Female,159.176.235.246
840,Lay,Kingdon,lkingdonnb@lulu.com,Male,99.39.49.115
841,Roseann,Vasilyevski,rvasilyevskinc@zimbio.com,Female,205.227.173.96
842,Arlen,Donnersberg,adonnersbergnd@independent.co.uk,Male,164.68.135.85
843,Burr,Brookzie,bbrookziene@dagondesign.com,Male,169.31.139.113
844,Othella,Carlow,ocarlownf@lulu.com,Female,138.88.173.26
845,Adel,Mosley,amosleyng@indiatimes.com,Female,174.246.111.75
846,Janella,Tee,jteenh@cnbc.com,Female,15.238.137.25
847,Brody,McCafferty,bmccaffertyni@webs.com,Male,229.6.242.112
848,Fabe,Yewdell,fyewdellnj@virginia.edu,Male,251.223.193.44
849,Cheryl,Belderson,cbeldersonnk@vinaora.com,Female,51.223.202.121
850,Kassey,Hercock,khercocknl@theatlantic.com,Female,124.20.238.36
851,Kailey,Paramore,kparamorenm@edublogs.org,Female,114.106.213.134
852,Rubia,Linnell,rlinnellnn@acquirethisname.com,Female,14.115.247.57
853,Hyacinthia,Farnfield,hfarnfieldno@weather.com,Female,35.39.88.82
854,Emmerich,Twitty,etwittynp@twitter.com,Male,239.17.34.12
855,Hiram,Grgic,hgrgicnq@reuters.com,Male,210.130.207.228
856,Stephanus,Skeermor,sskeermornr@google.de,Male,31.234.228.243
857,Niki,Kringe,nkringens@tumblr.com,Male,238.26.21.78
858,Cthrine,Foister,cfoisternt@taobao.com,Female,135.8.169.194
859,Sterling,Jodlowski,sjodlowskinu@tuttocitta.it,Male,196.20.171.147
860,Sacha,Mordey,smordeynv@unblog.fr,Female,149.40.15.123
861,Meade,Teulier,mteuliernw@infoseek.co.jp,Male,158.53.240.23
862,Rob,Robbeke,rrobbekenx@qq.com,Male,229.9.123.8
863,Clare,Rosenfield,crosenfieldny@eepurl.com,Male,155.134.156.71
864,Wallie,Headley,wheadleynz@jimdo.com,Female,223.129.108.107
865,Karia,Cornall,kcornallo0@apache.org,Female,109.41.141.206
866,Kienan,Treske,ktreskeo1@yellowbook.com,Male,244.206.168.134
867,Bastien,Grimestone,bgrimestoneo2@ox.ac.uk,Male,190.199.0.190
868,Eal,Cheesman,echeesmano3@noaa.gov,Male,147.15.130.207
869,Tricia,Blackboro,tblackboroo4@sphinn.com,Female,64.247.141.181
870,Godart,Dregan,gdregano5@miibeian.gov.cn,Male,18.187.20.242
871,Dredi,Valti,dvaltio6@hugedomains.com,Female,159.116.246.81
872,Kalli,Zanicchi,kzanicchio7@dailymail.co.uk,Female,63.12.61.154
873,Jo,Demchen,jdemcheno8@netvibes.com,Male,50.226.147.22
874,Myrtice,Liquorish,mliquorisho9@springer.com,Female,152.103.90.120
875,Ferdy,Malim,fmalimoa@lulu.com,Male,162.227.81.141
876,Lenard,Clarricoates,lclarricoatesob@eventbrite.com,Male,110.241.159.254
877,Janifer,Dana,jdanaoc@yelp.com,Female,99.95.219.35
878,Sabina,O'Griffin,sogriffinod@topsy.com,Female,189.37.44.92
879,Walt,Hickeringill,whickeringilloe@kickstarter.com,Male,59.104.91.58
880,Ricki,Brandolini,rbrandoliniof@google.com,Male,50.246.194.155
881,Ludovika,Hammett,lhammettog@telegraph.co.uk,Female,156.203.231.191
882,Bernita,Wickerson,bwickersonoh@cbsnews.com,Female,8.114.235.96
883,Raven,Mullarkey,rmullarkeyoi@nationalgeographic.com,Female,226.192.23.121
884,Florella,Bromwich,fbromwichoj@ftc.gov,Female,169.250.120.202
885,Kingston,Cruikshank,kcruikshankok@virginia.edu,Male,70.194.181.242
886,Garrett,Francklin,gfrancklinol@i2i.jp,Male,55.4.217.241
887,Garvey,Childerley,gchilderleyom@skyrock.com,Male,255.219.143.30
888,Leroi,Leppo,lleppoon@livejournal.com,Male,204.245.184.177
889,Tammara,Eastwood,teastwoodoo@theglobeandmail.com,Female,189.235.3.76
890,Charmane,Haythorn,chaythornop@hao123.com,Female,126.134.70.16
891,Idalina,Fores,iforesoq@newsvine.com,Female,174.218.236.195
892,Ignazio,Margrem,imargremor@jigsy.com,Male,40.215.215.220
893,Tomkin,Watkiss,twatkissos@hibu.com,Male,77.140.64.56
894,Guenna,Moxom,gmoxomot@nsw.gov.au,Female,12.165.135.106
895,Coretta,Slany,cslanyou@cpanel.net,Female,125.242.166.182
896,Daveta,Remirez,dremirezov@cbslocal.com,Female,85.89.103.56
897,Gilles,Gilding,ggildingow@paginegialle.it,Male,128.65.105.26
898,Jarid,Humphery,jhumpheryox@vimeo.com,Male,197.82.135.135
899,Hallsy,Domone,hdomoneoy@g.co,Male,176.230.197.245
900,Cornell,Reddington,creddingtonoz@unblog.fr,Male,77.133.167.106
901,Cristi,Truett,ctruettp0@mapquest.com,Female,91.235.22.189
902,Alisander,Snelgrove,asnelgrovep1@hao123.com,Male,117.220.7.112
903,Lissi,Merrikin,lmerrikinp2@diigo.com,Female,144.16.233.137
904,Bondon,Cloutt,bclouttp3@harvard.edu,Male,152.161.52.54
905,Colet,Rawkesby,crawkesbyp4@wikimedia.org,Male,58.7.146.39
906,Normie,Gunderson,ngundersonp5@google.fr,Male,32.251.165.165
907,Martie,De Vile,mdevilep6@jimdo.com,Male,99.101.224.52
908,Helga,Bellingham,hbellinghamp7@mediafire.com,Female,36.167.123.29
909,Max,De Dei,mdedeip8@gov.uk,Male,149.121.205.170
910,Ricki,Dallaway,rdallawayp9@wikia.com,Male,119.135.62.154
911,Bab,Valentetti,bvalentettipa@wisc.edu,Female,14.14.69.37
912,Wilow,Connolly,wconnollypb@foxnews.com,Female,197.175.49.106
913,Cad,Jindrich,cjindrichpc@t.co,Male,211.247.168.50
914,Ivor,Bartot,ibartotpd@flickr.com,Male,154.121.90.139
915,Anica,Tailby,atailbype@comcast.net,Female,75.57.149.37
916,Peg,Paxeford,ppaxefordpf@simplemachines.org,Female,121.144.111.154
917,Annaliese,Dilleway,adillewaypg@jalbum.net,Female,65.208.175.219
918,Kissee,Hebden,khebdenph@topsy.com,Female,151.125.40.195
919,Wilhelm,Collick,wcollickpi@1und1.de,Male,101.138.219.235
920,Etienne,Goldsbury,egoldsburypj@latimes.com,Male,147.119.161.86
921,Ardene,Lornsen,alornsenpk@digg.com,Female,94.63.9.8
922,Babbie,Plenderleith,bplenderleithpl@netscape.com,Female,155.138.205.121
923,Phineas,McCue,pmccuepm@sitemeter.com,Male,162.1.247.128
924,Alexandros,Rhymer,arhymerpn@surveymonkey.com,Male,182.95.103.149
925,Gilles,Garfit,ggarfitpo@123-reg.co.uk,Male,40.198.236.133
926,Gun,Bartlam,gbartlampp@statcounter.com,Male,115.22.237.34
927,Royce,Garlette,rgarlettepq@wufoo.com,Male,195.40.190.39
928,Kandace,Gabbitus,kgabbituspr@drupal.org,Female,69.188.53.113
929,Holly,Heild,hheildps@newsvine.com,Male,91.242.26.203
930,Reggi,Wooffitt,rwooffittpt@admin.ch,Female,59.224.206.229
931,Kile,Lieb,kliebpu@hao123.com,Male,22.95.137.77
932,Marylou,Croster,mcrosterpv@nature.com,Female,121.180.5.55
933,Georgetta,Boydell,gboydellpw@jiathis.com,Female,99.161.192.60
934,Mel,Medhurst,mmedhurstpx@github.com,Male,31.79.150.139
935,Cassie,Linck,clinckpy@list-manage.com,Female,241.119.129.114
936,Anabel,Mowle,amowlepz@nifty.com,Female,184.181.243.132
937,Florence,Bruck,fbruckq0@live.com,Female,246.158.197.123
938,Teddie,Barthel,tbarthelq1@blogtalkradio.com,Male,7.20.30.222
939,Alyosha,Polson,apolsonq2@facebook.com,Male,156.111.197.78
940,Orsola,Wakeham,owakehamq3@wiley.com,Female,84.227.41.58
941,Spike,Arent,sarentq4@cdbaby.com,Male,90.54.219.252
942,Jordan,Marti,jmartiq5@yellowbook.com,Male,88.184.223.65
943,Barry,Chanter,bchanterq6@technorati.com,Male,30.184.69.168
944,Rita,Coplestone,rcoplestoneq7@imdb.com,Female,230.202.87.81
945,Kennith,Dudding,kduddingq8@list-manage.com,Male,51.60.181.178
946,Nathan,Godly,ngodlyq9@t.co,Male,224.37.243.70
947,Flossi,Weare,fweareqa@sciencedirect.com,Female,58.112.232.171
948,Glenden,Nystrom,gnystromqb@tuttocitta.it,Male,134.100.239.29
949,Dulsea,Harniman,dharnimanqc@washington.edu,Female,242.114.216.141
950,Janifer,Iddins,jiddinsqd@sakura.ne.jp,Female,179.73.144.133
951,Paulina,O'Sesnane,posesnaneqe@123-reg.co.uk,Female,128.20.222.212
952,Saraann,Acomb,sacombqf@angelfire.com,Female,131.244.248.215
953,Vivi,Novak,vnovakqg@wired.com,Female,222.106.3.201
954,Si,McGloughlin,smcgloughlinqh@scientificamerican.com,Male,204.34.56.197
955,Cesare,Soughton,csoughtonqi@huffingtonpost.com,Male,176.104.157.122
956,Gard,Crandon,gcrandonqj@technorati.com,Male,205.61.249.105
957,Diane,Acors,dacorsqk@cornell.edu,Female,207.31.77.25
958,Stephanus,Drew-Clifton,sdrewcliftonql@unc.edu,Male,35.85.56.88
959,Manon,Culley,mculleyqm@state.gov,Female,106.200.210.55
960,Weylin,Stow,wstowqn@miibeian.gov.cn,Male,66.48.182.140
961,Jared,Wawer,jwawerqo@about.com,Male,24.53.158.94
962,Cissy,Duerdin,cduerdinqp@diigo.com,Female,165.106.156.128
963,Rozella,Vasilyevski,rvasilyevskiqq@boston.com,Female,172.201.137.254
964,Rik,Skip,rskipqr@economist.com,Male,147.178.28.239
965,Rosmunda,Baudassi,rbaudassiqs@jigsy.com,Female,242.32.232.200
966,Vasily,Deaton,vdeatonqt@goodreads.com,Male,218.197.119.122
967,Ives,Wellstood,iwellstoodqu@amazonaws.com,Male,18.175.176.90
968,Bree,Siddens,bsiddensqv@e-recht24.de,Female,193.182.120.29
969,Mychal,O' Hanvey,mohanveyqw@is.gd,Male,20.86.123.125
970,Rudie,Rushton,rrushtonqx@amazon.co.jp,Male,243.7.168.129
971,Lombard,Millbank,lmillbankqy@unicef.org,Male,221.117.95.85
972,Natalie,Boullin,nboullinqz@amazonaws.com,Female,117.115.115.142
973,Enrique,Eyers,eeyersr0@storify.com,Male,164.218.98.241
974,Ianthe,Heffer,ihefferr1@techcrunch.com,Female,195.85.158.134
975,Meade,Gillespey,mgillespeyr2@4shared.com,Male,64.206.34.73
976,Ruthanne,Masselin,rmasselinr3@acquirethisname.com,Female,7.109.209.54
977,Tova,Kinforth,tkinforthr4@meetup.com,Female,7.85.22.202
978,Lonni,Cranson,lcransonr5@opensource.org,Female,105.125.252.115
979,Theodoric,Ethelstone,tethelstoner6@dedecms.com,Male,109.80.46.144
980,Alessandra,Hammill,ahammillr7@phoca.cz,Female,186.194.44.138
981,Worth,Brain,wbrainr8@hao123.com,Male,131.19.46.240
982,Garrick,Roffe,groffer9@howstuffworks.com,Male,148.62.226.171
983,Hetty,Gout,hgoutra@php.net,Female,143.2.0.206
984,Agnes,Pevie,apevierb@ehow.com,Female,126.105.173.161
985,Genni,Escale,gescalerc@pbs.org,Female,190.12.142.80
986,Temp,Gietz,tgietzrd@shinystat.com,Male,103.58.183.51
987,Cassey,Bunt,cbuntre@hugedomains.com,Female,153.197.164.97
988,Serge,Inge,singerf@webnode.com,Male,61.11.158.249
989,Richmound,Loughton,rloughtonrg@goodreads.com,Male,118.63.147.35
990,Clarinda,Petche,cpetcherh@lulu.com,Female,245.22.235.47
991,Filberto,Sacchetti,fsacchettiri@163.com,Male,246.54.17.43
992,Kirsti,Hobden,khobdenrj@booking.com,Female,214.7.14.73
993,Betsey,Avrashin,bavrashinrk@about.com,Female,134.176.55.214
994,Fairlie,Cusack,fcusackrl@toplist.cz,Male,246.2.108.181
995,Ruttger,McCrone,rmccronerm@theguardian.com,Male,29.28.26.23
996,Arlena,McMillan,amcmillanrn@g.co,Female,62.223.225.206
997,Lisette,Vedmore,lvedmorero@dell.com,Female,202.255.27.72
998,Uri,Torr,utorrrp@bigcartel.com,Male,86.8.94.80
999,Michal,Garley,mgarleyrq@dailymail.co.uk,Male,54.13.13.236
1000,Rosana,Crass,rcrassrr@altervista.org,Female,137.35.18.159
